categorie;ensemble;couleur;code_couleur;fnr_complet;e_no_complet;designation_complet;piece;qte;fnr_piece;e_no_piece;designation_piece
PRISE;Prise T13 simple;blanc;61;87003.FMI.61;639113000;Prise ENC EDIZIOdue T13 blanc 88×88×41mm;interieur;1;87003.BSM;633072000;Intérieur prise FH BSM T13
PRISE;Prise T13 simple;blanc;61;87003.FMI.61;639113000;Prise ENC EDIZIOdue T13 blanc 88×88×41mm;kit_frontal;1;920-87003.FMI.61;378501000;Kit frontal ENC EDIZIOdue blanc 88×88mm 1×T13
PRISE;Prise T13 simple;noir;60;87003.FMI.60;639113950;Prise ENC EDIZIOdue T13 noir 88×88×41mm;interieur;1;87003.BSM;633072000;Intérieur prise FH BSM T13
PRISE;Prise T13 simple;noir;60;87003.FMI.60;639113950;Prise ENC EDIZIOdue T13 noir 88×88×41mm;kit_frontal;1;920-87003.FMI.60;378501950;Kit frontal ENC EDIZIOdue noir 88×88mm 1×T13
PRISE;Prise T13 simple;crema;35;87003.FMI.35;639113010;Prise ENC EDIZIOdue T13 crema;interieur;1;87003.BSM;633072000;Intérieur prise FH BSM T13
PRISE;Prise T13 simple;crema;35;87003.FMI.35;639113010;Prise ENC EDIZIOdue T13 crema;kit_frontal;1;920-87003.FMI.35;378501010;Kit frontal ENC EDIZIOdue crema 88×88mm 1×T13
PRISE;Prise T13 simple;gris clair;65;87003.FMI.65;639113030;Prise ENC EDIZIOdue T13 gris clair;interieur;1;87003.BSM;633072000;Intérieur prise FH BSM T13
PRISE;Prise T13 simple;gris clair;65;87003.FMI.65;639113030;Prise ENC EDIZIOdue T13 gris clair;kit_frontal;1;920-87003.FMI.65;378501030;Kit frontal ENC EDIZIOdue gris clair 88×88mm 1×T13
PRISE;Prise T13 simple;gris fonce;67;87003.FMI.67;639113040;Prise ENC EDIZIOdue T13 gris foncé;interieur;1;87003.BSM;633072000;Intérieur prise FH BSM T13
PRISE;Prise T13 simple;gris fonce;67;87003.FMI.67;639113040;Prise ENC EDIZIOdue T13 gris foncé;kit_frontal;1;920-87003.FMI.67;378501040;Kit frontal ENC EDIZIOdue gris foncé 88×88mm 1×T13
PRISE;Prise T13 simple;coffee;57;87003.FMI.57;639113890;Prise ENC EDIZIOdue T13 coffee;interieur;1;87003.BSM;633072000;Intérieur prise FH BSM T13
PRISE;Prise T13 simple;coffee;57;87003.FMI.57;639113890;Prise ENC EDIZIOdue T13 coffee;kit_frontal;1;920-87003.FMI.57;378501890;Kit frontal ENC EDIZIOdue coffee 88×88mm 1×T13
PRISE;Prise T13 simple avec shutter;blanc;61;87003.FMI.K.61;639123000;Prise ENC EDIZIOdue T13 blanc avec shutter;interieur;1;87003.BSM;633072000;Intérieur prise FH BSM T13
PRISE;Prise T13 simple avec shutter;blanc;61;87003.FMI.K.61;639123000;Prise ENC EDIZIOdue T13 blanc avec shutter;kit_frontal;1;920-87003.FMI.K.61;378511000;Kit frontal ENC EDIZIOdue blanc 88×88mm 1×T13 avec shutter
PRISE;Prise T13 simple avec shutter;noir;60;87003.FMI.K.60;639123950;Prise ENC EDIZIOdue T13 noir avec shutter;interieur;1;87003.BSM;633072000;Intérieur prise FH BSM T13
PRISE;Prise T13 simple avec shutter;noir;60;87003.FMI.K.60;639123950;Prise ENC EDIZIOdue T13 noir avec shutter;kit_frontal;1;920-87003.FMI.K.60;378511950;Kit frontal ENC EDIZIOdue noir 88×88mm 1×T13 avec shutter
PRISE;Prise T13 simple avec shutter;crema;35;87003.FMI.K.35;639123010;Prise ENC EDIZIOdue T13 crema avec shutter;interieur;1;87003.BSM;633072000;Intérieur prise FH BSM T13
PRISE;Prise T13 simple avec shutter;crema;35;87003.FMI.K.35;639123010;Prise ENC EDIZIOdue T13 crema avec shutter;kit_frontal;1;920-87003.FMI.K.35;378511010;Kit frontal ENC EDIZIOdue crema 88×88mm 1×T13 avec shutter
PRISE;Prise T13 simple avec shutter;gris clair;65;87003.FMI.K.65;639123030;Prise ENC EDIZIOdue T13 gris clair, avec shutter;interieur;1;87003.BSM;633072000;Intérieur prise FH BSM T13
PRISE;Prise T13 simple avec shutter;gris clair;65;87003.FMI.K.65;639123030;Prise ENC EDIZIOdue T13 gris clair, avec shutter;kit_frontal;1;920-87003.FMI.K.65;378511030;Kit frontal ENC EDIZIOdue gris clair 88×88mm 1×T13 avec shutter
PRISE;Prise T13 simple avec shutter;gris fonce;67;87003.FMI.K.67;639123040;Prise ENC EDIZIOdue T13 gris foncé avec shutter;interieur;1;87003.BSM;633072000;Intérieur prise FH BSM T13
PRISE;Prise T13 simple avec shutter;gris fonce;67;87003.FMI.K.67;639123040;Prise ENC EDIZIOdue T13 gris foncé avec shutter;kit_frontal;1;920-87003.FMI.K.67;378511040;Kit frontal ENC EDIZIOdue gris foncé 88×88mm 1×T13 avec shutter
PRISE;Prise T13 simple avec shutter;coffee;57;87003.FMI.K.57;639123890;Prise ENC EDIZIOdue T13 coffee avec shutter;interieur;1;87003.BSM;633072000;Intérieur prise FH BSM T13
PRISE;Prise T13 simple avec shutter;coffee;57;87003.FMI.K.57;639123890;Prise ENC EDIZIOdue T13 coffee avec shutter;kit_frontal;1;920-87003.FMI.K.57;378511890;Kit frontal ENC EDIZIOdue coffee 88×88mm 1×T13 avec shutter
PRISE;Prise 2xT13;blanc;61;87203.FMI.61;657114000;Prise ENC EDIZIOdue 2×T13 blanc;interieur;1;87203.BSM;653705000;Intérieur prise FH 2×T13 BSM
PRISE;Prise 2xT13;blanc;61;87203.FMI.61;657114000;Prise ENC EDIZIOdue 2×T13 blanc;kit_frontal;1;920-87203.FMI.61;378502000;Kit frontal EDIZIOdue blanc 88×88mm 2×T13
PRISE;Prise 2xT13;noir;60;87203.FMI.60;657114950;Prise ENC EDIZIOdue 2×T13 noir;interieur;1;87203.BSM;653705000;Intérieur prise FH 2×T13 BSM
PRISE;Prise 2xT13;noir;60;87203.FMI.60;657114950;Prise ENC EDIZIOdue 2×T13 noir;kit_frontal;1;920-87203.FMI.60;378502950;Kit frontal EDIZIOdue noir 88×88mm 2×T13
PRISE;Prise 2xT13;crema;35;87203.FMI.35;657114010;Prise ENC EDIZIOdue 2×T13 crema;interieur;1;87203.BSM;653705000;Intérieur prise FH 2×T13 BSM
PRISE;Prise 2xT13;crema;35;87203.FMI.35;657114010;Prise ENC EDIZIOdue 2×T13 crema;kit_frontal;1;920-87203.FMI.35;378502010;Kit frontal EDIZIOdue crema 88×88mm 2×T13
PRISE;Prise 2xT13;gris clair;65;87203.FMI.65;657114030;Prise ENC EDIZIOdue 2×T13 gris clair;interieur;1;87203.BSM;653705000;Intérieur prise FH 2×T13 BSM
PRISE;Prise 2xT13;gris clair;65;87203.FMI.65;657114030;Prise ENC EDIZIOdue 2×T13 gris clair;kit_frontal;1;920-87203.FMI.65;378502030;Kit frontal EDIZIOdue gris clair 88×88mm 2×T13
PRISE;Prise 2xT13;gris fonce;67;87203.FMI.67;657114040;Prise ENC EDIZIOdue 2×T13 gris foncé;interieur;1;87203.BSM;653705000;Intérieur prise FH 2×T13 BSM
PRISE;Prise 2xT13;gris fonce;67;87203.FMI.67;657114040;Prise ENC EDIZIOdue 2×T13 gris foncé;kit_frontal;1;920-87203.FMI.67;378502040;Kit frontal EDIZIOdue gris foncé 88×88mm 2×T13
PRISE;Prise 2xT13;coffee;57;87203.FMI.57;657114890;Prise ENC EDIZIOdue 2×T13 coffee;interieur;1;87203.BSM;653705000;Intérieur prise FH 2×T13 BSM
PRISE;Prise 2xT13;coffee;57;87203.FMI.57;657114890;Prise ENC EDIZIOdue 2×T13 coffee;kit_frontal;1;920-87203.FMI.57;378502890;Kit frontal EDIZIOdue coffee 88×88mm 2×T13
PRISE;Prise 2xT13 avec shutter;blanc;61;87203.FMI.K.61;657124000;Prise ENC EDIZIOdue 2×T13 blanc avec shutter;interieur;1;87203.BSM;653705000;Intérieur prise FH 2×T13 BSM
PRISE;Prise 2xT13 avec shutter;blanc;61;87203.FMI.K.61;657124000;Prise ENC EDIZIOdue 2×T13 blanc avec shutter;kit_frontal;1;920-87203.FMI.K.61;378512000;Kit frontal EDIZIOdue blanc 88×88mm 2×T13 avec shutter
PRISE;Prise 2xT13 avec shutter;noir;60;87203.FMI.K.60;657124950;Prise ENC EDIZIOdue 2×T13 noir avec shutter;interieur;1;87203.BSM;653705000;Intérieur prise FH 2×T13 BSM
PRISE;Prise 2xT13 avec shutter;noir;60;87203.FMI.K.60;657124950;Prise ENC EDIZIOdue 2×T13 noir avec shutter;kit_frontal;1;920-87203.FMI.K.60;378512950;Kit frontal EDIZIOdue noir 88×88mm 2×T13 avec shutter
PRISE;Prise 2xT13 avec shutter;crema;35;87203.FMI.K.35;657124010;Prise ENC EDIZIOdue 2×T13 crema, avec shutter;interieur;1;87203.BSM;653705000;Intérieur prise FH 2×T13 BSM
PRISE;Prise 2xT13 avec shutter;crema;35;87203.FMI.K.35;657124010;Prise ENC EDIZIOdue 2×T13 crema, avec shutter;kit_frontal;1;920-87203.FMI.K.35;378512010;Kit frontal EDIZIOdue crema 88×88mm 2×T13 avec shutter
PRISE;Prise 2xT13 avec shutter;gris clair;65;87203.FMI.K.65;657124030;Prise ENC EDIZIOdue 2×T13 gris clair, avec shutter;interieur;1;87203.BSM;653705000;Intérieur prise FH 2×T13 BSM
PRISE;Prise 2xT13 avec shutter;gris clair;65;87203.FMI.K.65;657124030;Prise ENC EDIZIOdue 2×T13 gris clair, avec shutter;kit_frontal;1;920-87203.FMI.K.65;378512030;Kit frontal EDIZIOdue gris clair 88×88mm 2×T13 avec shutter
PRISE;Prise 2xT13 avec shutter;gris fonce;67;87203.FMI.K.67;657124040;Prise ENC EDIZIOdue 2×T13 gris foncé avec shutter;interieur;1;87203.BSM;653705000;Intérieur prise FH 2×T13 BSM
PRISE;Prise 2xT13 avec shutter;gris fonce;67;87203.FMI.K.67;657124040;Prise ENC EDIZIOdue 2×T13 gris foncé avec shutter;kit_frontal;1;920-87203.FMI.K.67;378512040;Kit frontal EDIZIOdue gris foncé 88×88mm 2×T13 avec shutter
PRISE;Prise 2xT13 avec shutter;coffee;57;87203.FMI.K.57;657124890;Prise ENC EDIZIOdue 2×T13 coffee avec shutter;interieur;1;87203.BSM;653705000;Intérieur prise FH 2×T13 BSM
PRISE;Prise 2xT13 avec shutter;coffee;57;87203.FMI.K.57;657124890;Prise ENC EDIZIOdue 2×T13 coffee avec shutter;kit_frontal;1;920-87203.FMI.K.57;378512890;Kit frontal EDIZIOdue coffee 88×88mm 2×T13 avec shutter
PRISE;Prise 2xT13 dont 1 commutee;blanc;61;87203.FMI.S.61;657134000;Prise ENC EDIZIOdue 2×T13 blanc 1×S;interieur;1;87203.BSM.S;653706000;Intérieur prise FH 2×T13/1S BSM
PRISE;Prise 2xT13 dont 1 commutee;blanc;61;87203.FMI.S.61;657134000;Prise ENC EDIZIOdue 2×T13 blanc 1×S;kit_frontal;1;920-87203.FMI.S.61;378520000;Kit frontal EDIZIOdue blanc 88×88mm 2×T13/1
PRISE;Prise 2xT13 dont 1 commutee;noir;60;87203.FMI.S.60;657134950;Prise ENC EDIZIOdue 2×T13 noir 1×S;interieur;1;87203.BSM.S;653706000;Intérieur prise FH 2×T13/1S BSM
PRISE;Prise 2xT13 dont 1 commutee;noir;60;87203.FMI.S.60;657134950;Prise ENC EDIZIOdue 2×T13 noir 1×S;kit_frontal;1;920-87203.FMI.S.60;378520950;Kit frontal EDIZIOdue noir 88×88mm 2×T13/1
PRISE;Prise 2xT13 dont 1 commutee;crema;35;87203.FMI.S.35;657134010;Prise ENC EDIZIOdue 2×T13 crema 1×S;interieur;1;87203.BSM.S;653706000;Intérieur prise FH 2×T13/1S BSM
PRISE;Prise 2xT13 dont 1 commutee;crema;35;87203.FMI.S.35;657134010;Prise ENC EDIZIOdue 2×T13 crema 1×S;kit_frontal;1;920-87203.FMI.S.35;378520010;Kit frontal EDIZIOdue crema 88×88mm 2×T13/1
PRISE;Prise 2xT13 dont 1 commutee;gris clair;65;87203.FMI.S.65;657134030;Prise ENC EDIZIOdue 2×T13 gris clair, 1×S;interieur;1;87203.BSM.S;653706000;Intérieur prise FH 2×T13/1S BSM
PRISE;Prise 2xT13 dont 1 commutee;gris clair;65;87203.FMI.S.65;657134030;Prise ENC EDIZIOdue 2×T13 gris clair, 1×S;kit_frontal;1;920-87203.FMI.S.65;378520030;Kit frontal EDIZIOdue gris clair 88×88mm 2×T13/1
PRISE;Prise 2xT13 dont 1 commutee;gris fonce;67;87203.FMI.S.67;657134040;Prise ENC EDIZIOdue 2×T13 gris foncé, 1×S;interieur;1;87203.BSM.S;653706000;Intérieur prise FH 2×T13/1S BSM
PRISE;Prise 2xT13 dont 1 commutee;gris fonce;67;87203.FMI.S.67;657134040;Prise ENC EDIZIOdue 2×T13 gris foncé, 1×S;kit_frontal;1;920-87203.FMI.S.67;378520040;Kit frontal EDIZIOdue gris foncé 88×88mm 2×T13/1
PRISE;Prise 2xT13 dont 1 commutee;coffee;57;87203.FMI.S.57;657134890;Prise ENC EDIZIOdue 2×T13 coffee 1×S;interieur;1;87203.BSM.S;653706000;Intérieur prise FH 2×T13/1S BSM
PRISE;Prise 2xT13 dont 1 commutee;coffee;57;87203.FMI.S.57;657134890;Prise ENC EDIZIOdue 2×T13 coffee 1×S;kit_frontal;1;920-87203.FMI.S.57;378520890;Kit frontal EDIZIOdue coffee 88×88mm 2×T13/1
PRISE;Prise 3xT13;blanc;61;87303.FMI.61;657115000;Prise ENC EDIZIOdue 3×T13 blanc;interieur;1;87303.BSM;653715000;Intérieur prise FH BSM 3×T13
PRISE;Prise 3xT13;blanc;61;87303.FMI.61;657115000;Prise ENC EDIZIOdue 3×T13 blanc;kit_frontal;1;920-87303.FMI.61;378503000;Kit frontal EDIZIOdue blanc 88×88mm 3×T13
PRISE;Prise 3xT13;noir;60;87303.FMI.60;657115950;Prise ENC EDIZIOdue 3×T13 noir 88×88×40mm;interieur;1;87303.BSM;653715000;Intérieur prise FH BSM 3×T13
PRISE;Prise 3xT13;noir;60;87303.FMI.60;657115950;Prise ENC EDIZIOdue 3×T13 noir 88×88×40mm;kit_frontal;1;920-87303.FMI.60;378503950;Kit frontal EDIZIOdue noir 88×88mm 3×T13
PRISE;Prise 3xT13;crema;35;87303.FMI.35;657115010;Prise ENC EDIZIOdue 3×T13 crema;interieur;1;87303.BSM;653715000;Intérieur prise FH BSM 3×T13
PRISE;Prise 3xT13;crema;35;87303.FMI.35;657115010;Prise ENC EDIZIOdue 3×T13 crema;kit_frontal;1;920-87303.FMI.35;378503010;Kit frontal EDIZIOdue crema 88×88mm 3×T13
PRISE;Prise 3xT13;gris clair;65;87303.FMI.65;657115030;Prise ENC EDIZIOdue 3×T13 gris clair;interieur;1;87303.BSM;653715000;Intérieur prise FH BSM 3×T13
PRISE;Prise 3xT13;gris clair;65;87303.FMI.65;657115030;Prise ENC EDIZIOdue 3×T13 gris clair;kit_frontal;1;920-87303.FMI.65;378503030;Kit frontal EDIZIOdue gris clair 88×88mm 3×T13
PRISE;Prise 3xT13;gris fonce;67;87303.FMI.67;657115040;Prise ENC EDIZIOdue 3×T13 gris foncé;interieur;1;87303.BSM;653715000;Intérieur prise FH BSM 3×T13
PRISE;Prise 3xT13;gris fonce;67;87303.FMI.67;657115040;Prise ENC EDIZIOdue 3×T13 gris foncé;kit_frontal;1;920-87303.FMI.67;378503040;Kit frontal EDIZIOdue gris foncé 88×88mm 3×T13
PRISE;Prise 3xT13;coffee;57;87303.FMI.57;657115890;Prise ENC EDIZIOdue 3×T13 coffee;interieur;1;87303.BSM;653715000;Intérieur prise FH BSM 3×T13
PRISE;Prise 3xT13;coffee;57;87303.FMI.57;657115890;Prise ENC EDIZIOdue 3×T13 coffee;kit_frontal;1;920-87303.FMI.57;378503890;Kit frontal EDIZIOdue coffee 88×88mm 3×T13
PRISE;Prise 3xT13 avec shutter;blanc;61;87303.FMI.K.61;657125000;Prise ENC EDIZIOdue 3×T13 blanc avec shutter;interieur;1;87303.BSM;653715000;Intérieur prise FH BSM 3×T13
PRISE;Prise 3xT13 avec shutter;blanc;61;87303.FMI.K.61;657125000;Prise ENC EDIZIOdue 3×T13 blanc avec shutter;kit_frontal;1;920-87303.FMI.K.61;378513000;Kit frontal EDIZIOdue blanc 88×88mm 3×T13 avec shutter
PRISE;Prise 3xT13 avec shutter;noir;60;87303.FMI.K.60;657125950;Prise ENC EDIZIOdue 3×T13 noir avec shutter;interieur;1;87303.BSM;653715000;Intérieur prise FH BSM 3×T13
PRISE;Prise 3xT13 avec shutter;noir;60;87303.FMI.K.60;657125950;Prise ENC EDIZIOdue 3×T13 noir avec shutter;kit_frontal;1;920-87303.FMI.K.60;378513950;Kit frontal EDIZIOdue noir 88×88mm 3×T13 avec shutter
PRISE;Prise 3xT13 avec shutter;crema;35;87303.FMI.K.35;657125010;Prise ENC EDIZIOdue 3×T13 crema, avec shutter;interieur;1;87303.BSM;653715000;Intérieur prise FH BSM 3×T13
PRISE;Prise 3xT13 avec shutter;crema;35;87303.FMI.K.35;657125010;Prise ENC EDIZIOdue 3×T13 crema, avec shutter;kit_frontal;1;920-87303.FMI.K.35;378513010;Kit frontal EDIZIOdue crema 88×88mm 3×T13 avec shutter
PRISE;Prise 3xT13 avec shutter;gris clair;65;87303.FMI.K.65;657125030;Prise ENC EDIZIOdue 3×T13 gris clair, avec shutter;interieur;1;87303.BSM;653715000;Intérieur prise FH BSM 3×T13
PRISE;Prise 3xT13 avec shutter;gris clair;65;87303.FMI.K.65;657125030;Prise ENC EDIZIOdue 3×T13 gris clair, avec shutter;kit_frontal;1;920-87303.FMI.K.65;378513030;Kit frontal EDIZIOdue gris clair 88×88mm 3×T13 avec shutter
PRISE;Prise 3xT13 avec shutter;gris fonce;67;87303.FMI.K.67;657125040;Prise ENC EDIZIOdue 3×T13 gris foncé avec shutter;interieur;1;87303.BSM;653715000;Intérieur prise FH BSM 3×T13
PRISE;Prise 3xT13 avec shutter;gris fonce;67;87303.FMI.K.67;657125040;Prise ENC EDIZIOdue 3×T13 gris foncé avec shutter;kit_frontal;1;920-87303.FMI.K.67;378513040;Kit frontal EDIZIOdue gris foncé 88×88mm 3×T13 avec shutter
PRISE;Prise 3xT13 avec shutter;coffee;57;87303.FMI.K.57;657125890;Prise ENC EDIZIOdue 3×T13 coffee avec shutter;interieur;1;87303.BSM;653715000;Intérieur prise FH BSM 3×T13
PRISE;Prise 3xT13 avec shutter;coffee;57;87303.FMI.K.57;657125890;Prise ENC EDIZIOdue 3×T13 coffee avec shutter;kit_frontal;1;920-87303.FMI.K.57;378513890;Kit frontal EDIZIOdue coffee 88×88mm 3×T13 avec shutter
PRISE;Prise 3xT13 dont 1 commutee;blanc;61;87303.FMI.S.61;657135000;Prise ENC EDIZIOdue 3×T13 blanc 1×S;interieur;1;87303.BSM.S;653716000;Intérieur prise FH BSM 3×T13/1S
PRISE;Prise 3xT13 dont 1 commutee;blanc;61;87303.FMI.S.61;657135000;Prise ENC EDIZIOdue 3×T13 blanc 1×S;kit_frontal;1;920-87303.FMI.S.61;378530000;Kit frontal EDIZIOdue blanc 88×88mm 3×T13/1
PRISE;Prise 3xT13 dont 1 commutee;noir;60;87303.FMI.S.60;657135950;Prise ENC EDIZIOdue 3×T13 noir 1×S;interieur;1;87303.BSM.S;653716000;Intérieur prise FH BSM 3×T13/1S
PRISE;Prise 3xT13 dont 1 commutee;noir;60;87303.FMI.S.60;657135950;Prise ENC EDIZIOdue 3×T13 noir 1×S;kit_frontal;1;920-87303.FMI.S.60;378530950;Kit frontal EDIZIOdue noir 88×88mm 3×T13/1
PRISE;Prise 3xT13 dont 1 commutee;crema;35;87303.FMI.S.35;657135010;Prise ENC EDIZIOdue 3×T13 crema 1×S;interieur;1;87303.BSM.S;653716000;Intérieur prise FH BSM 3×T13/1S
PRISE;Prise 3xT13 dont 1 commutee;crema;35;87303.FMI.S.35;657135010;Prise ENC EDIZIOdue 3×T13 crema 1×S;kit_frontal;1;920-87303.FMI.S.35;378530010;Kit frontal EDIZIOdue crema 88×88mm 3×T13/1
PRISE;Prise 3xT13 dont 1 commutee;gris clair;65;87303.FMI.S.65;657135030;Prise ENC EDIZIOdue 3×T13 gris clair, 1×S;interieur;1;87303.BSM.S;653716000;Intérieur prise FH BSM 3×T13/1S
PRISE;Prise 3xT13 dont 1 commutee;gris clair;65;87303.FMI.S.65;657135030;Prise ENC EDIZIOdue 3×T13 gris clair, 1×S;kit_frontal;1;920-87303.FMI.S.65;378530030;Kit frontal EDIZIOdue gris clair 88×88mm 3×T13/1
PRISE;Prise 3xT13 dont 1 commutee;gris fonce;67;87303.FMI.S.67;657135040;Prise ENC EDIZIOdue 3×T13 gris foncé, 1×S;interieur;1;87303.BSM.S;653716000;Intérieur prise FH BSM 3×T13/1S
PRISE;Prise 3xT13 dont 1 commutee;gris fonce;67;87303.FMI.S.67;657135040;Prise ENC EDIZIOdue 3×T13 gris foncé, 1×S;kit_frontal;1;920-87303.FMI.S.67;378530040;Kit frontal EDIZIOdue gris foncé 88×88mm 3×T13/1
PRISE;Prise 3xT13 dont 1 commutee;coffee;57;87303.FMI.S.57;657135890;Prise ENC EDIZIOdue 3×T13 coffee 1×S;interieur;1;87303.BSM.S;653716000;Intérieur prise FH BSM 3×T13/1S
PRISE;Prise 3xT13 dont 1 commutee;coffee;57;87303.FMI.S.57;657135890;Prise ENC EDIZIOdue 3×T13 coffee 1×S;kit_frontal;1;920-87303.FMI.S.57;378530890;Kit frontal EDIZIOdue coffee 88×88mm 3×T13/1
PRISE;Prise T23 16A bornes enfichables;blanc;61;87023.FMI.61;639600000;Prise ENC EDIZIOdue T23 16A blanc avec bornes enf. 88×88×41mm;interieur;1;87023.BSM;633673000;Intérieur prise FH T23 16A avec bornes enf.
PRISE;Prise T23 16A bornes enfichables;blanc;61;87023.FMI.61;639600000;Prise ENC EDIZIOdue T23 16A blanc avec bornes enf. 88×88×41mm;kit_frontal;1;920-87023.FMI.61;378304000;Kit frontal ENC EDIZIOdue blanc 88×88mm 1×T23
PRISE;Prise T23 16A bornes enfichables;noir;60;87023.FMI.60;639600950;Prise ENC EDIZIOdue T23 16A noir avec bornes enf.;interieur;1;87023.BSM;633673000;Intérieur prise FH T23 16A avec bornes enf.
PRISE;Prise T23 16A bornes enfichables;noir;60;87023.FMI.60;639600950;Prise ENC EDIZIOdue T23 16A noir avec bornes enf.;kit_frontal;1;920-87023.FMI.60;378304950;Kit frontal ENC EDIZIOdue noir 88×88mm 1×T23
PRISE;Prise T23 16A bornes enfichables;crema;35;87023.FMI.35;639600010;Prise ENC EDIZIOdue T23 16A crema, avec bornes enf.;interieur;1;87023.BSM;633673000;Intérieur prise FH T23 16A avec bornes enf.
PRISE;Prise T23 16A bornes enfichables;crema;35;87023.FMI.35;639600010;Prise ENC EDIZIOdue T23 16A crema, avec bornes enf.;kit_frontal;1;920-87023.FMI.35;378304010;Kit frontal ENC EDIZIOdue crema 88×88mm 1×T23
PRISE;Prise T23 16A bornes enfichables;gris clair;65;87023.FMI.65;639600030;Prise ENC EDIZIOdue T23 16A gris clair, avec bornes enf.;interieur;1;87023.BSM;633673000;Intérieur prise FH T23 16A avec bornes enf.
PRISE;Prise T23 16A bornes enfichables;gris clair;65;87023.FMI.65;639600030;Prise ENC EDIZIOdue T23 16A gris clair, avec bornes enf.;kit_frontal;1;920-87023.FMI.65;378304030;Kit frontal ENC EDIZIOdue gris clair 88×88mm 1×T23
PRISE;Prise T23 16A bornes enfichables;gris fonce;67;87023.FMI.67;639600040;Prise ENC EDIZIOdue T23 16A gris foncé, avec bornes enf.;interieur;1;87023.BSM;633673000;Intérieur prise FH T23 16A avec bornes enf.
PRISE;Prise T23 16A bornes enfichables;gris fonce;67;87023.FMI.67;639600040;Prise ENC EDIZIOdue T23 16A gris foncé, avec bornes enf.;kit_frontal;1;920-87023.FMI.67;378304040;Kit frontal ENC EDIZIOdue gris foncé 88×88mm 1×T23
PRISE;Prise T23 16A bornes enfichables;coffee;57;87023.FMI.57;639600890;Prise ENC EDIZIOdue T23 16A coffee, avec bornes enf.;interieur;1;87023.BSM;633673000;Intérieur prise FH T23 16A avec bornes enf.
PRISE;Prise T23 16A bornes enfichables;coffee;57;87023.FMI.57;639600890;Prise ENC EDIZIOdue T23 16A coffee, avec bornes enf.;kit_frontal;1;920-87023.FMI.57;378304890;Kit frontal ENC EDIZIOdue coffee 88×88mm 1×T23
PRISE;Prise T23 16A bornes a vis;blanc;61;87123.FMI.61;639601000;Prise ENC EDIZIOdue T23 16A blanc, bornes à vis;interieur;1;87123.BSM;633672000;Intérieur prise FH T23 16A bornes à vis
PRISE;Prise T23 16A bornes a vis;blanc;61;87123.FMI.61;639601000;Prise ENC EDIZIOdue T23 16A blanc, bornes à vis;kit_frontal;1;920-87123.FMI.61;378314000;Kit frontal ENC EDIZIOdue blanc 88×88mm 1×T23
PRISE;Prise T23 16A bornes a vis;noir;60;87123.FMI.60;639601950;Prise ENC EDIZIOdue T23 16A noir bornes à vis;interieur;1;87123.BSM;633672000;Intérieur prise FH T23 16A bornes à vis
PRISE;Prise T23 16A bornes a vis;noir;60;87123.FMI.60;639601950;Prise ENC EDIZIOdue T23 16A noir bornes à vis;kit_frontal;1;920-87123.FMI.60;378314950;Kit frontal ENC EDIZIOdue noir 88×88mm 1×T23
PRISE;Prise T23 16A bornes a vis;crema;35;87123.FMI.35;639601010;Prise ENC EDIZIOdue T23 16A crema, bornes à vis;interieur;1;87123.BSM;633672000;Intérieur prise FH T23 16A bornes à vis
PRISE;Prise T23 16A bornes a vis;crema;35;87123.FMI.35;639601010;Prise ENC EDIZIOdue T23 16A crema, bornes à vis;kit_frontal;1;920-87123.FMI.35;378314010;Kit frontal ENC EDIZIOdue crema 88×88mm 1×T23
PRISE;Prise T23 16A bornes a vis;gris clair;65;87123.FMI.65;639601030;Prise ENC EDIZIOdue T23 16A gris clair, bornes à vis;interieur;1;87123.BSM;633672000;Intérieur prise FH T23 16A bornes à vis
PRISE;Prise T23 16A bornes a vis;gris clair;65;87123.FMI.65;639601030;Prise ENC EDIZIOdue T23 16A gris clair, bornes à vis;kit_frontal;1;920-87123.FMI.65;378314030;Kit frontal ENC EDIZIOdue gris clair 88×88mm 1×T23
PRISE;Prise T23 16A bornes a vis;gris fonce;67;87123.FMI.67;639601040;Prise ENC EDIZIOdue T23 16A gris foncé, bornes à vis;interieur;1;87123.BSM;633672000;Intérieur prise FH T23 16A bornes à vis
PRISE;Prise T23 16A bornes a vis;gris fonce;67;87123.FMI.67;639601040;Prise ENC EDIZIOdue T23 16A gris foncé, bornes à vis;kit_frontal;1;920-87123.FMI.67;378314040;Kit frontal ENC EDIZIOdue gris foncé 88×88mm 1×T23
PRISE;Prise T23 16A bornes a vis;coffee;57;87123.FMI.57;639601890;Prise ENC EDIZIOdue T23 16A coffee, bornes à vis;interieur;1;87123.BSM;633672000;Intérieur prise FH T23 16A bornes à vis
PRISE;Prise T23 16A bornes a vis;coffee;57;87123.FMI.57;639601890;Prise ENC EDIZIOdue T23 16A coffee, bornes à vis;kit_frontal;1;920-87123.FMI.57;378314890;Kit frontal ENC EDIZIOdue coffee 88×88mm 1×T23
PRISE;Prise T15;blanc;61;8715.FMI.61;641300000;Prise ENC EDIZIOdue T15 blanc;interieur;1;8715.BSM;636372000;Intérieur prise FH T15 BSM
PRISE;Prise T15;blanc;61;8715.FMI.61;641300000;Prise ENC EDIZIOdue T15 blanc;kit_frontal;1;920-8715.FMI.61;378305000;Kit frontal ENC EDIZIOdue blanc 88×88mm 1×T15
PRISE;Prise T15;noir;60;8715.FMI.60;641300950;Prise ENC EDIZIOdue T15 noir;interieur;1;8715.BSM;636372000;Intérieur prise FH T15 BSM
PRISE;Prise T15;noir;60;8715.FMI.60;641300950;Prise ENC EDIZIOdue T15 noir;kit_frontal;1;920-8715.FMI.60;378305950;Kit frontal ENC EDIZIOdue noir 88×88mm 1×T15
PRISE;Prise T15;crema;35;8715.FMI.35;641300010;Prise ENC EDIZIOdue T15 crema;interieur;1;8715.BSM;636372000;Intérieur prise FH T15 BSM
PRISE;Prise T15;crema;35;8715.FMI.35;641300010;Prise ENC EDIZIOdue T15 crema;kit_frontal;1;920-8715.FMI.35;378305010;Kit frontal ENC EDIZIOdue crema 88×88mm 1×T15
PRISE;Prise T15;gris clair;65;8715.FMI.65;641300030;Prise ENC EDIZIOdue T15 gris clair;interieur;1;8715.BSM;636372000;Intérieur prise FH T15 BSM
PRISE;Prise T15;gris clair;65;8715.FMI.65;641300030;Prise ENC EDIZIOdue T15 gris clair;kit_frontal;1;920-8715.FMI.65;378305030;Kit frontal ENC EDIZIOdue gris clair 88×88mm 1×T15
PRISE;Prise T15;gris fonce;67;8715.FMI.67;641300040;Prise ENC EDIZIOdue T15 gris foncé;interieur;1;8715.BSM;636372000;Intérieur prise FH T15 BSM
PRISE;Prise T15;gris fonce;67;8715.FMI.67;641300040;Prise ENC EDIZIOdue T15 gris foncé;kit_frontal;1;920-8715.FMI.67;378305040;Kit frontal ENC EDIZIOdue gris foncé 88×88mm 1×T15
PRISE;Prise T15;coffee;57;8715.FMI.57;641300890;Prise ENC EDIZIOdue T15 coffee;interieur;1;8715.BSM;636372000;Intérieur prise FH T15 BSM
PRISE;Prise T15;coffee;57;8715.FMI.57;641300890;Prise ENC EDIZIOdue T15 coffee;kit_frontal;1;920-8715.FMI.57;378305890;Kit frontal ENC EDIZIOdue coffee 88×88mm 1×T15
COMBI;Combinaison interrupteur 3/1P + prise T13;blanc;61;87063.FMI.61;755143000;Combinaison ENC 3/1P+T13 EDIZIOdue blanc 88×88×40mm;interieur;1;87063.BSM;655243000;Intérieur combinaison I FH BSM 0/3/1+T13
COMBI;Combinaison interrupteur 3/1P + prise T13;blanc;61;87063.FMI.61;755143000;Combinaison ENC 3/1P+T13 EDIZIOdue blanc 88×88×40mm;kit_frontal;1;920-87060.FMI.61;378451000;Kit frontal EDIZIOdue blanc 88×88mm T13
COMBI;Combinaison interrupteur 3/1P + prise T13;noir;60;87063.FMI.60;755143950;Combinaison ENC 3/1P+T13 EDIZIOdue noir;interieur;1;87063.BSM;655243000;Intérieur combinaison I FH BSM 0/3/1+T13
COMBI;Combinaison interrupteur 3/1P + prise T13;noir;60;87063.FMI.60;755143950;Combinaison ENC 3/1P+T13 EDIZIOdue noir;kit_frontal;1;920-87060.FMI.60;378451950;Kit frontal EDIZIOdue noir 88×88mm T13
COMBI;Combinaison interrupteur 3/1P + prise T13;crema;35;87063.FMI.35;755143010;Combinaison ENC 3/1P+T13 EDIZIOdue crema;interieur;1;87063.BSM;655243000;Intérieur combinaison I FH BSM 0/3/1+T13
COMBI;Combinaison interrupteur 3/1P + prise T13;crema;35;87063.FMI.35;755143010;Combinaison ENC 3/1P+T13 EDIZIOdue crema;kit_frontal;1;920-87060.FMI.35;378451010;Kit frontal EDIZIOdue crema 88×88mm T13
COMBI;Combinaison interrupteur 3/1P + prise T13;gris clair;65;87063.FMI.65;755143030;Combinaison ENC 3/1P+T13 EDIZIOdue gris clair;interieur;1;87063.BSM;655243000;Intérieur combinaison I FH BSM 0/3/1+T13
COMBI;Combinaison interrupteur 3/1P + prise T13;gris clair;65;87063.FMI.65;755143030;Combinaison ENC 3/1P+T13 EDIZIOdue gris clair;kit_frontal;1;920-87060.FMI.65;378451030;Kit frontal EDIZIOdue gris clair 88×88mm T13
COMBI;Combinaison interrupteur 3/1P + prise T13;gris fonce;67;87063.FMI.67;755143040;Combinaison ENC 3/1P+T13 EDIZIOdue gris foncé;interieur;1;87063.BSM;655243000;Intérieur combinaison I FH BSM 0/3/1+T13
COMBI;Combinaison interrupteur 3/1P + prise T13;gris fonce;67;87063.FMI.67;755143040;Combinaison ENC 3/1P+T13 EDIZIOdue gris foncé;kit_frontal;1;920-87060.FMI.67;378451040;Kit frontal EDIZIOdue gris foncé 88×88mm T13
COMBI;Combinaison interrupteur 3/1P + prise T13;coffee;57;87063.FMI.57;755143890;Combinaison ENC 3/1P+T13 EDIZIOdue coffee;interieur;1;87063.BSM;655243000;Intérieur combinaison I FH BSM 0/3/1+T13
COMBI;Combinaison interrupteur 3/1P + prise T13;coffee;57;87063.FMI.57;755143890;Combinaison ENC 3/1P+T13 EDIZIOdue coffee;kit_frontal;1;920-87060.FMI.57;378451890;Kit frontal EDIZIOdue coffee 88×88mm T13
INTER;Interrupteur schema 1/3+3/1P (double);blanc;61;7561.FMI.61;226111000;Interrupteur ENC EDIZIOdue 1/3+3/1P blanc 80×80mm;interieur;1;7561.BSM;326117000;Intérieur interrupteur pousso. FH BSM 1/3+3/1L
INTER;Interrupteur schema 1/3+3/1P (double);blanc;61;7561.FMI.61;226111000;Interrupteur ENC EDIZIOdue 1/3+3/1P blanc 80×80mm;kit_frontal;1;920-7561.FMI.61;378440000;Kit frontal ENC EDIZIOdue blanc 88×88mm bouton double
INTER;Interrupteur schema 1/3+3/1P (double);noir;60;7561.FMI.60;226111950;Interrupteur ENC EDIZIOdue 1/3+3/1P noir;interieur;1;7561.BSM;326117000;Intérieur interrupteur pousso. FH BSM 1/3+3/1L
INTER;Interrupteur schema 1/3+3/1P (double);noir;60;7561.FMI.60;226111950;Interrupteur ENC EDIZIOdue 1/3+3/1P noir;kit_frontal;1;920-7561.FMI.60;378440950;Kit frontal ENC EDIZIOdue noir 88×88mm bouton double
INTER;Interrupteur schema 1/3+3/1P (double);crema;35;7561.FMI.35;226111010;Interrupteur ENC EDIZIOdue 1/3+3/1P crema;interieur;1;7561.BSM;326117000;Intérieur interrupteur pousso. FH BSM 1/3+3/1L
INTER;Interrupteur schema 1/3+3/1P (double);crema;35;7561.FMI.35;226111010;Interrupteur ENC EDIZIOdue 1/3+3/1P crema;kit_frontal;1;920-7561.FMI.35;378440010;Kit frontal ENC EDIZIOdue crema 88×88mm bouton double
INTER;Interrupteur schema 1/3+3/1P (double);gris clair;65;7561.FMI.65;226111030;Interrupteur ENC EDIZIOdue 1/3+3/1P gris clair;interieur;1;7561.BSM;326117000;Intérieur interrupteur pousso. FH BSM 1/3+3/1L
INTER;Interrupteur schema 1/3+3/1P (double);gris clair;65;7561.FMI.65;226111030;Interrupteur ENC EDIZIOdue 1/3+3/1P gris clair;kit_frontal;1;920-7561.FMI.65;378440030;Kit frontal ENC EDIZIOdue gris clair 88×88mm bouton double
INTER;Interrupteur schema 1/3+3/1P (double);gris fonce;67;7561.FMI.67;226111040;Interrupteur ENC EDIZIOdue 1/3+3/1P gris foncé;interieur;1;7561.BSM;326117000;Intérieur interrupteur pousso. FH BSM 1/3+3/1L
INTER;Interrupteur schema 1/3+3/1P (double);gris fonce;67;7561.FMI.67;226111040;Interrupteur ENC EDIZIOdue 1/3+3/1P gris foncé;kit_frontal;1;920-7561.FMI.67;378440040;Kit frontal ENC EDIZIOdue gris foncé 88×88mm bouton double
INTER;Interrupteur schema 1/3+3/1P (double);coffee;57;7561.FMI.57;226111890;Interrupteur ENC EDIZIOdue 1/3+3/1P coffee;interieur;1;7561.BSM;326117000;Intérieur interrupteur pousso. FH BSM 1/3+3/1L
INTER;Interrupteur schema 1/3+3/1P (double);coffee;57;7561.FMI.57;226111890;Interrupteur ENC EDIZIOdue 1/3+3/1P coffee;kit_frontal;1;920-7561.FMI.57;378440890;Kit frontal ENC EDIZIOdue coffee 88×88mm bouton double
INTER;Interrupteur schema 3 (va-et-vient);blanc;61;7563.FMI.61;226311000;Interrupteur ENC Feller EDIZIOdue 3/1L blanc 88×88mm;interieur;1;7563.BSM;326317000;Intérieur interrupteur FH BSM 3/1
INTER;Interrupteur schema 3 (va-et-vient);blanc;61;7563.FMI.61;226311000;Interrupteur ENC Feller EDIZIOdue 3/1L blanc 88×88mm;kit_frontal;1;920-7560.FMI.61;378430000;Kit frontal ENC EDIZIOdue blanc 88×88mm pour interr. poussoir
INTER;Interrupteur schema 3 (va-et-vient);noir;60;7563.FMI.60;226311950;Interrupteur ENC EDIZIOdue 3/1L noir;interieur;1;7563.BSM;326317000;Intérieur interrupteur FH BSM 3/1
INTER;Interrupteur schema 3 (va-et-vient);noir;60;7563.FMI.60;226311950;Interrupteur ENC EDIZIOdue 3/1L noir;kit_frontal;1;920-7560.FMI.60;378430950;Kit frontal ENC EDIZIOdue noir 88×88mm pour interr. poussoir
INTER;Interrupteur schema 3 (va-et-vient);crema;35;7563.FMI.35;226311010;Interrupteur ENC EDIZIOdue 3/1L crema;interieur;1;7563.BSM;326317000;Intérieur interrupteur FH BSM 3/1
INTER;Interrupteur schema 3 (va-et-vient);crema;35;7563.FMI.35;226311010;Interrupteur ENC EDIZIOdue 3/1L crema;kit_frontal;1;920-7560.FMI.35;378430010;Kit frontal ENC EDIZIOdue crema 88×88mm pour interr. poussoir
INTER;Interrupteur schema 3 (va-et-vient);gris clair;65;7563.FMI.65;226311030;Interrupteur ENC EDIZIOdue 3/1P gris clair;interieur;1;7563.BSM;326317000;Intérieur interrupteur FH BSM 3/1
INTER;Interrupteur schema 3 (va-et-vient);gris clair;65;7563.FMI.65;226311030;Interrupteur ENC EDIZIOdue 3/1P gris clair;kit_frontal;1;920-7560.FMI.65;378430030;Kit frontal ENC EDIZIOdue gris clair 88×88mm pour interr. poussoir
INTER;Interrupteur schema 3 (va-et-vient);gris fonce;67;7563.FMI.67;226311040;Interrupteur ENC EDIZIOdue 3/1P gris foncé;interieur;1;7563.BSM;326317000;Intérieur interrupteur FH BSM 3/1
INTER;Interrupteur schema 3 (va-et-vient);gris fonce;67;7563.FMI.67;226311040;Interrupteur ENC EDIZIOdue 3/1P gris foncé;kit_frontal;1;920-7560.FMI.67;378430040;Kit frontal ENC EDIZIOdue gris foncé 88×88mm pour interr. poussoir
INTER;Interrupteur schema 3 (va-et-vient);coffee;57;7563.FMI.57;226311890;Interrupteur ENC EDIZIOdue 3/1L coffee;interieur;1;7563.BSM;326317000;Intérieur interrupteur FH BSM 3/1
INTER;Interrupteur schema 3 (va-et-vient);coffee;57;7563.FMI.57;226311890;Interrupteur ENC EDIZIOdue 3/1L coffee;kit_frontal;1;920-7560.FMI.57;378430890;Kit frontal ENC EDIZIOdue coffee 88×88mm pour interr. poussoir
INTER;Interrupteur schema 6 (croisement);blanc;61;7566.FMI.61;226601000;Interrupteur ENC EDIZIOdue 6/1L blanc;interieur;1;7566.BSM;326607000;Intérieur interrupteur FH BSM 6/1
INTER;Interrupteur schema 6 (croisement);blanc;61;7566.FMI.61;226601000;Interrupteur ENC EDIZIOdue 6/1L blanc;kit_frontal;1;920-7560.FMI.61;378430000;Kit frontal ENC EDIZIOdue blanc 88×88mm pour interr. poussoir
INTER;Interrupteur schema 6 (croisement);noir;60;7566.FMI.60;226601950;Interrupteur ENC EDIZIOdue 6/1L noir;interieur;1;7566.BSM;326607000;Intérieur interrupteur FH BSM 6/1
INTER;Interrupteur schema 6 (croisement);noir;60;7566.FMI.60;226601950;Interrupteur ENC EDIZIOdue 6/1L noir;kit_frontal;1;920-7560.FMI.60;378430950;Kit frontal ENC EDIZIOdue noir 88×88mm pour interr. poussoir
INTER;Interrupteur schema 6 (croisement);crema;35;7566.FMI.35;226601010;Interrupteur ENC EDIZIOdue 6/1L crema;interieur;1;7566.BSM;326607000;Intérieur interrupteur FH BSM 6/1
INTER;Interrupteur schema 6 (croisement);crema;35;7566.FMI.35;226601010;Interrupteur ENC EDIZIOdue 6/1L crema;kit_frontal;1;920-7560.FMI.35;378430010;Kit frontal ENC EDIZIOdue crema 88×88mm pour interr. poussoir
INTER;Interrupteur schema 6 (croisement);gris clair;65;7566.FMI.65;226601030;Interrupteur ENC EDIZIOdue 6/1P gris clair;interieur;1;7566.BSM;326607000;Intérieur interrupteur FH BSM 6/1
INTER;Interrupteur schema 6 (croisement);gris clair;65;7566.FMI.65;226601030;Interrupteur ENC EDIZIOdue 6/1P gris clair;kit_frontal;1;920-7560.FMI.65;378430030;Kit frontal ENC EDIZIOdue gris clair 88×88mm pour interr. poussoir
INTER;Interrupteur schema 6 (croisement);gris fonce;67;7566.FMI.67;226601040;Interrupteur ENC EDIZIOdue 6/1P gris foncé;interieur;1;7566.BSM;326607000;Intérieur interrupteur FH BSM 6/1
INTER;Interrupteur schema 6 (croisement);gris fonce;67;7566.FMI.67;226601040;Interrupteur ENC EDIZIOdue 6/1P gris foncé;kit_frontal;1;920-7560.FMI.67;378430040;Kit frontal ENC EDIZIOdue gris foncé 88×88mm pour interr. poussoir
INTER;Interrupteur schema 6 (croisement);coffee;57;7566.FMI.57;226601890;Interrupteur ENC EDIZIOdue 6/1L coffee;interieur;1;7566.BSM;326607000;Intérieur interrupteur FH BSM 6/1
INTER;Interrupteur schema 6 (croisement);coffee;57;7566.FMI.57;226601890;Interrupteur ENC EDIZIOdue 6/1L coffee;kit_frontal;1;920-7560.FMI.57;378430890;Kit frontal ENC EDIZIOdue coffee 88×88mm pour interr. poussoir
INTER;Interrupteur schema 3/2 (double va-et-vient);blanc;61;7569.FMI.61;226321000;Interrupteur ENC EDIZIOdue 3/2L blanc;interieur;1;7569.BSM;326327000;Intérieur interrupteur FH BSM 3/2
INTER;Interrupteur schema 3/2 (double va-et-vient);blanc;61;7569.FMI.61;226321000;Interrupteur ENC EDIZIOdue 3/2L blanc;kit_frontal;1;920-7560.FMI.61;378430000;Kit frontal ENC EDIZIOdue blanc 88×88mm pour interr. poussoir
INTER;Interrupteur schema 3/2 (double va-et-vient);noir;60;7569.FMI.60;226321950;Interrupteur ENC EDIZIOdue 3/2L noir;interieur;1;7569.BSM;326327000;Intérieur interrupteur FH BSM 3/2
INTER;Interrupteur schema 3/2 (double va-et-vient);noir;60;7569.FMI.60;226321950;Interrupteur ENC EDIZIOdue 3/2L noir;kit_frontal;1;920-7560.FMI.60;378430950;Kit frontal ENC EDIZIOdue noir 88×88mm pour interr. poussoir
INTER;Interrupteur schema 3/2 (double va-et-vient);crema;35;7569.FMI.35;226321010;Interrupteur ENC EDIZIOdue 3/2L crema;interieur;1;7569.BSM;326327000;Intérieur interrupteur FH BSM 3/2
INTER;Interrupteur schema 3/2 (double va-et-vient);crema;35;7569.FMI.35;226321010;Interrupteur ENC EDIZIOdue 3/2L crema;kit_frontal;1;920-7560.FMI.35;378430010;Kit frontal ENC EDIZIOdue crema 88×88mm pour interr. poussoir
INTER;Interrupteur schema 3/2 (double va-et-vient);gris clair;65;7569.FMI.65;226321030;Interrupteur ENC EDIZIOdue 3/2P gris clair;interieur;1;7569.BSM;326327000;Intérieur interrupteur FH BSM 3/2
INTER;Interrupteur schema 3/2 (double va-et-vient);gris clair;65;7569.FMI.65;226321030;Interrupteur ENC EDIZIOdue 3/2P gris clair;kit_frontal;1;920-7560.FMI.65;378430030;Kit frontal ENC EDIZIOdue gris clair 88×88mm pour interr. poussoir
INTER;Interrupteur schema 3/2 (double va-et-vient);gris fonce;67;7569.FMI.67;226321040;Interrupteur ENC EDIZIOdue 3/2P gris foncé;interieur;1;7569.BSM;326327000;Intérieur interrupteur FH BSM 3/2
INTER;Interrupteur schema 3/2 (double va-et-vient);gris fonce;67;7569.FMI.67;226321040;Interrupteur ENC EDIZIOdue 3/2P gris foncé;kit_frontal;1;920-7560.FMI.67;378430040;Kit frontal ENC EDIZIOdue gris foncé 88×88mm pour interr. poussoir
INTER;Interrupteur schema 3/2 (double va-et-vient);coffee;57;7569.FMI.57;226321890;Interrupteur ENC EDIZIOdue 3/2L coffee;interieur;1;7569.BSM;326327000;Intérieur interrupteur FH BSM 3/2
INTER;Interrupteur schema 3/2 (double va-et-vient);coffee;57;7569.FMI.57;226321890;Interrupteur ENC EDIZIOdue 3/2L coffee;kit_frontal;1;920-7560.FMI.57;378430890;Kit frontal ENC EDIZIOdue coffee 88×88mm pour interr. poussoir
POUSS;Poussoir A-R simple;blanc;61;7563.AR.FMI.61;554521000;Poussoir ENC EDIZIOdue AR blanc;interieur;1;7563.AR.BSM;354527000;Intérieur contact à poussoir FH BSM 1L
POUSS;Poussoir A-R simple;blanc;61;7563.AR.FMI.61;554521000;Poussoir ENC EDIZIOdue AR blanc;kit_frontal;1;920-7560.FMI.61;378430000;Kit frontal ENC EDIZIOdue blanc 88×88mm pour interr. poussoir
POUSS;Poussoir A-R simple;noir;60;7563.AR.FMI.60;554521950;Poussoir ENC EDIZIOdue AR noir;interieur;1;7563.AR.BSM;354527000;Intérieur contact à poussoir FH BSM 1L
POUSS;Poussoir A-R simple;noir;60;7563.AR.FMI.60;554521950;Poussoir ENC EDIZIOdue AR noir;kit_frontal;1;920-7560.FMI.60;378430950;Kit frontal ENC EDIZIOdue noir 88×88mm pour interr. poussoir
POUSS;Poussoir A-R simple;crema;35;7563.AR.FMI.35;554521010;Poussoir ENC EDIZIOdue AR crema;interieur;1;7563.AR.BSM;354527000;Intérieur contact à poussoir FH BSM 1L
POUSS;Poussoir A-R simple;crema;35;7563.AR.FMI.35;554521010;Poussoir ENC EDIZIOdue AR crema;kit_frontal;1;920-7560.FMI.35;378430010;Kit frontal ENC EDIZIOdue crema 88×88mm pour interr. poussoir
POUSS;Poussoir A-R simple;gris clair;65;7563.AR.FMI.65;554521030;Poussoir ENC EDIZIOdue A-R/1P gris clair;interieur;1;7563.AR.BSM;354527000;Intérieur contact à poussoir FH BSM 1L
POUSS;Poussoir A-R simple;gris clair;65;7563.AR.FMI.65;554521030;Poussoir ENC EDIZIOdue A-R/1P gris clair;kit_frontal;1;920-7560.FMI.65;378430030;Kit frontal ENC EDIZIOdue gris clair 88×88mm pour interr. poussoir
POUSS;Poussoir A-R simple;gris fonce;67;7563.AR.FMI.67;554521040;Poussoir ENC EDIZIOdue A-R/1P gris foncé;interieur;1;7563.AR.BSM;354527000;Intérieur contact à poussoir FH BSM 1L
POUSS;Poussoir A-R simple;gris fonce;67;7563.AR.FMI.67;554521040;Poussoir ENC EDIZIOdue A-R/1P gris foncé;kit_frontal;1;920-7560.FMI.67;378430040;Kit frontal ENC EDIZIOdue gris foncé 88×88mm pour interr. poussoir
POUSS;Poussoir A-R simple;coffee;57;7563.AR.FMI.57;554521890;Poussoir ENC EDIZIOdue AR coffee;interieur;1;7563.AR.BSM;354527000;Intérieur contact à poussoir FH BSM 1L
POUSS;Poussoir A-R simple;coffee;57;7563.AR.FMI.57;554521890;Poussoir ENC EDIZIOdue AR coffee;kit_frontal;1;920-7560.FMI.57;378430890;Kit frontal ENC EDIZIOdue coffee 88×88mm pour interr. poussoir
POUSS;Poussoir 2x A-R / 1P;blanc;61;7563.AR63AR.FMI.61;554621000;Poussoir ENC EDIZIOdue 2×A-R/1P blanc;interieur;1;7563.AR63AR.BSM;354627000;Intérieur poussoir FH BSM
POUSS;Poussoir 2x A-R / 1P;blanc;61;7563.AR63AR.FMI.61;554621000;Poussoir ENC EDIZIOdue 2×A-R/1P blanc;kit_frontal;1;920-7561.FMI.61;378440000;Kit frontal ENC EDIZIOdue blanc 88×88mm bouton double
POUSS;Poussoir 2x A-R / 1P;noir;60;7563.AR63AR.FMI.60;554621950;Poussoir ENC EDIZIOdue 2×A-R/1P noir;interieur;1;7563.AR63AR.BSM;354627000;Intérieur poussoir FH BSM
POUSS;Poussoir 2x A-R / 1P;noir;60;7563.AR63AR.FMI.60;554621950;Poussoir ENC EDIZIOdue 2×A-R/1P noir;kit_frontal;1;920-7561.FMI.60;378440950;Kit frontal ENC EDIZIOdue noir 88×88mm bouton double
POUSS;Poussoir 2x A-R / 1P;crema;35;7563.AR63AR.FMI.35;554621010;Poussoir ENC EDIZIOdue 2×A-R/1P crema;interieur;1;7563.AR63AR.BSM;354627000;Intérieur poussoir FH BSM
POUSS;Poussoir 2x A-R / 1P;crema;35;7563.AR63AR.FMI.35;554621010;Poussoir ENC EDIZIOdue 2×A-R/1P crema;kit_frontal;1;920-7561.FMI.35;378440010;Kit frontal ENC EDIZIOdue crema 88×88mm bouton double
POUSS;Poussoir 2x A-R / 1P;gris clair;65;7563.AR63AR.FMI.65;554621030;Poussoir ENC EDIZIOdue 2×A-R/1P gris clair;interieur;1;7563.AR63AR.BSM;354627000;Intérieur poussoir FH BSM
POUSS;Poussoir 2x A-R / 1P;gris clair;65;7563.AR63AR.FMI.65;554621030;Poussoir ENC EDIZIOdue 2×A-R/1P gris clair;kit_frontal;1;920-7561.FMI.65;378440030;Kit frontal ENC EDIZIOdue gris clair 88×88mm bouton double
POUSS;Poussoir 2x A-R / 1P;gris fonce;67;7563.AR63AR.FMI.67;554621040;Poussoir ENC EDIZIOdue 2×A-R/1P gris foncé;interieur;1;7563.AR63AR.BSM;354627000;Intérieur poussoir FH BSM
POUSS;Poussoir 2x A-R / 1P;gris fonce;67;7563.AR63AR.FMI.67;554621040;Poussoir ENC EDIZIOdue 2×A-R/1P gris foncé;kit_frontal;1;920-7561.FMI.67;378440040;Kit frontal ENC EDIZIOdue gris foncé 88×88mm bouton double
POUSS;Poussoir 2x A-R / 1P;coffee;57;7563.AR63AR.FMI.57;554621890;Poussoir ENC EDIZIOdue 2×A-R/1P coffee;interieur;1;7563.AR63AR.BSM;354627000;Intérieur poussoir FH BSM
POUSS;Poussoir 2x A-R / 1P;coffee;57;7563.AR63AR.FMI.57;554621890;Poussoir ENC EDIZIOdue 2×A-R/1P coffee;kit_frontal;1;920-7561.FMI.57;378440890;Kit frontal ENC EDIZIOdue coffee 88×88mm bouton double
POUSS;Poussoir A-R (schema 9);blanc;61;7569.AR.FMI.61;554551000;Poussoir ENC EDIZIOdue AR blanc;interieur;1;7569.AR.BSM;354557000;Intérieur poussoir FH BSM ar
POUSS;Poussoir A-R (schema 9);blanc;61;7569.AR.FMI.61;554551000;Poussoir ENC EDIZIOdue AR blanc;kit_frontal;1;920-7560.FMI.61;378430000;Kit frontal ENC EDIZIOdue blanc 88×88mm pour interr. poussoir
POUSS;Poussoir A-R (schema 9);noir;60;7569.AR.FMI.60;554551950;Poussoir ENC EDIZIOdue AR noir;interieur;1;7569.AR.BSM;354557000;Intérieur poussoir FH BSM ar
POUSS;Poussoir A-R (schema 9);noir;60;7569.AR.FMI.60;554551950;Poussoir ENC EDIZIOdue AR noir;kit_frontal;1;920-7560.FMI.60;378430950;Kit frontal ENC EDIZIOdue noir 88×88mm pour interr. poussoir
POUSS;Poussoir A-R (schema 9);crema;35;7569.AR.FMI.35;554551010;Poussoir ENC EDIZIOdue AR crema;interieur;1;7569.AR.BSM;354557000;Intérieur poussoir FH BSM ar
POUSS;Poussoir A-R (schema 9);crema;35;7569.AR.FMI.35;554551010;Poussoir ENC EDIZIOdue AR crema;kit_frontal;1;920-7560.FMI.35;378430010;Kit frontal ENC EDIZIOdue crema 88×88mm pour interr. poussoir
POUSS;Poussoir A-R (schema 9);gris clair;65;7569.AR.FMI.65;554551030;Poussoir ENC EDIZIOdue A-R/2P gris clair;interieur;1;7569.AR.BSM;354557000;Intérieur poussoir FH BSM ar
POUSS;Poussoir A-R (schema 9);gris clair;65;7569.AR.FMI.65;554551030;Poussoir ENC EDIZIOdue A-R/2P gris clair;kit_frontal;1;920-7560.FMI.65;378430030;Kit frontal ENC EDIZIOdue gris clair 88×88mm pour interr. poussoir
POUSS;Poussoir A-R (schema 9);gris fonce;67;7569.AR.FMI.67;554551040;Poussoir ENC EDIZIOdue A-R/2P gris foncé;interieur;1;7569.AR.BSM;354557000;Intérieur poussoir FH BSM ar
POUSS;Poussoir A-R (schema 9);gris fonce;67;7569.AR.FMI.67;554551040;Poussoir ENC EDIZIOdue A-R/2P gris foncé;kit_frontal;1;920-7560.FMI.67;378430040;Kit frontal ENC EDIZIOdue gris foncé 88×88mm pour interr. poussoir
POUSS;Poussoir A-R (schema 9);coffee;57;7569.AR.FMI.57;554551890;Poussoir ENC EDIZIOdue AR coffee;interieur;1;7569.AR.BSM;354557000;Intérieur poussoir FH BSM ar
POUSS;Poussoir A-R (schema 9);coffee;57;7569.AR.FMI.57;554551890;Poussoir ENC EDIZIOdue AR coffee;kit_frontal;1;920-7560.FMI.57;378430890;Kit frontal ENC EDIZIOdue coffee 88×88mm pour interr. poussoir
OBTUR;Plaque d obturation 88x88;blanc;61;751.FMI.61;378006000;Plaque d'obturation EDIZIOdue blanc 88×88mm;interieur;1;751.BSM;377981090;Traverse pour 751.1340.1700-5 avec plaque de fixation
OBTUR;Plaque d obturation 88x88;blanc;61;751.FMI.61;378006000;Plaque d'obturation EDIZIOdue blanc 88×88mm;kit_frontal;1;920-751.FMI.61;378392000;Kit frontal ENC EDIZIOdue blanc 88×88mm sans traverse de fixation
OBTUR;Plaque d obturation 88x88;noir;60;751.FMI.60;378006950;Plaque d'obturation EDIZIOdue noir 88×88mm;interieur;1;751.BSM;377981090;Traverse pour 751.1340.1700-5 avec plaque de fixation
OBTUR;Plaque d obturation 88x88;noir;60;751.FMI.60;378006950;Plaque d'obturation EDIZIOdue noir 88×88mm;kit_frontal;1;920-751.FMI.60;378392950;Kit frontal ENC EDIZIOdue noir 88×88mm
OBTUR;Plaque d obturation 88x88;crema;35;751.FMI.35;378006010;Plaque d'obturation EDIZIOdue crema;interieur;1;751.BSM;377981090;Traverse pour 751.1340.1700-5 avec plaque de fixation
OBTUR;Plaque d obturation 88x88;crema;35;751.FMI.35;378006010;Plaque d'obturation EDIZIOdue crema;kit_frontal;1;920-751.FMI.35;378392010;Kit frontal ENC EDIZIOdue crema 88×88mm sans traverse de fixation
OBTUR;Plaque d obturation 88x88;gris clair;65;751.FMI.65;378006030;Plaque d'obturation ENC EDIZIOdue gris clair;interieur;1;751.BSM;377981090;Traverse pour 751.1340.1700-5 avec plaque de fixation
OBTUR;Plaque d obturation 88x88;gris clair;65;751.FMI.65;378006030;Plaque d'obturation ENC EDIZIOdue gris clair;kit_frontal;1;920-751.FMI.65;378392030;Kit frontal ENC EDIZIOdue gris clair, 88×88mm
OBTUR;Plaque d obturation 88x88;gris fonce;67;751.FMI.67;378006040;Plaque d'obturation ENC EDIZIOdue gris foncé;interieur;1;751.BSM;377981090;Traverse pour 751.1340.1700-5 avec plaque de fixation
OBTUR;Plaque d obturation 88x88;gris fonce;67;751.FMI.67;378006040;Plaque d'obturation ENC EDIZIOdue gris foncé;kit_frontal;1;920-751.FMI.67;378392040;Kit frontal ENC EDIZIOdue gris foncé 88×88mm
OBTUR;Plaque d obturation 88x88;coffee;57;751.FMI.57;378006890;Plaque d'obturation EDIZIOdue coffee;interieur;1;751.BSM;377981090;Traverse pour 751.1340.1700-5 avec plaque de fixation
OBTUR;Plaque d obturation 88x88;coffee;57;751.FMI.57;378006890;Plaque d'obturation EDIZIOdue coffee;kit_frontal;1;920-751.FMI.57;378392890;Kit frontal ENC EDIZIOdue coffee 88×88mm
OBTUR;Obturateur sans vis centrale;blanc;61;752.FMI.61;378406000;Obturateur ENC EDIZIOdue blanc, sans vis centrale;interieur;1;3910.BSM;323193000;Logement de montage ENC pour poussoir univ. FH, bornes enf.
OBTUR;Obturateur sans vis centrale;blanc;61;752.FMI.61;378406000;Obturateur ENC EDIZIOdue blanc, sans vis centrale;kit_frontal;1;920-752.FMI.61;378892000;Kit frontal ENC EDIZIOdue blanc 88×88mm pour obturateur
OBTUR;Obturateur sans vis centrale;noir;60;752.FMI.60;378406950;Obturateur ENC EDIZIOdue noir sans vis centrale;interieur;1;3910.BSM;323193000;Logement de montage ENC pour poussoir univ. FH, bornes enf.
OBTUR;Obturateur sans vis centrale;noir;60;752.FMI.60;378406950;Obturateur ENC EDIZIOdue noir sans vis centrale;kit_frontal;1;920-752.FMI.60;378892950;Kit frontal ENC EDIZIOdue noir 88×88mm pour obturateur
OBTUR;Obturateur sans vis centrale;crema;35;752.FMI.35;378406010;Obturateur ENC EDIZIOdue crema, sans vis centrale;interieur;1;3910.BSM;323193000;Logement de montage ENC pour poussoir univ. FH, bornes enf.
OBTUR;Obturateur sans vis centrale;crema;35;752.FMI.35;378406010;Obturateur ENC EDIZIOdue crema, sans vis centrale;kit_frontal;1;920-752.FMI.35;378892010;Kit frontal ENC EDIZIOdue crema 88×88mm pour obturateur
OBTUR;Obturateur sans vis centrale;gris clair;65;752.FMI.65;378406030;Obturateur ENC EDIZIOdue gris clair, sans vis centrale;interieur;1;3910.BSM;323193000;Logement de montage ENC pour poussoir univ. FH, bornes enf.
OBTUR;Obturateur sans vis centrale;gris clair;65;752.FMI.65;378406030;Obturateur ENC EDIZIOdue gris clair, sans vis centrale;kit_frontal;1;920-752.FMI.65;378892030;Kit frontal ENC EDIZIOdue gris clair 88×88mm pour obturateur
OBTUR;Obturateur sans vis centrale;gris fonce;67;752.FMI.67;378406040;Obturateur ENC EDIZIOdue gris foncé, sans vis centrale;interieur;1;3910.BSM;323193000;Logement de montage ENC pour poussoir univ. FH, bornes enf.
OBTUR;Obturateur sans vis centrale;gris fonce;67;752.FMI.67;378406040;Obturateur ENC EDIZIOdue gris foncé, sans vis centrale;kit_frontal;1;920-752.FMI.67;378892040;Kit frontal ENC EDIZIOdue gris foncé 88×88mm pour obturateur
OBTUR;Obturateur sans vis centrale;coffee;57;752.FMI.57;378406890;Obturateur ENC EDIZIOdue coffee sans vis centrale;interieur;1;3910.BSM;323193000;Logement de montage ENC pour poussoir univ. FH, bornes enf.
OBTUR;Obturateur sans vis centrale;coffee;57;752.FMI.57;378406890;Obturateur ENC EDIZIOdue coffee sans vis centrale;kit_frontal;1;920-752.FMI.57;378892890;Kit frontal ENC EDIZIOdue coffee 88×88mm pour obturateur
